{
  "anthropic_compute_share[2025]": 0.0027374999999999995,
  "anthropic_compute_share[2026]": 0.03084701346805589,
  "anthropic_compute_share[2027]": 0.10465508517456569,
  "anthropic_compute_share[2028]": 0.15911754692242497,
  "anthropic_compute_share[2029]": 0.18621847382144585,
  "anthropic_compute_share[2030]": 0.2162962962962963,
  "arr[2025]": 9.0,
  "arr[2026]": 44.010000000000005,
  "arr[2027]": 79.21800000000002,
  "arr[2028]": 123.58008000000004,
  "arr[2029]": 172.02347136000003,
  "arr[2030]": 219.22671190118405,
  "arr_growth_rate[2025]": 0.0,
  "arr_growth_rate[2026]": 3.89,
  "arr_growth_rate[2027]": 0.8,
  "arr_growth_rate[2028]": 0.5599999999999999,
  "arr_growth_rate[2029]": 0.39199999999999996,
  "arr_growth_rate[2030]": 0.2743999999999999,
  "arr_per_revenue_gw[2025]": 257.14285714285717,
  "arr_per_revenue_gw[2026]": 78.72987477638641,
  "arr_per_revenue_gw[2027]": 31.065882352941184,
  "arr_per_revenue_gw[2028]": 24.642089730807587,
  "arr_per_revenue_gw[2029]": 23.341040890094984,
  "arr_per_revenue_gw[2030]": 20.878734466779434,
  "capacity_gw[2025]": 0.1,
  "capacity_gw[2026]": 1.3,
  "capacity_gw[2027]": 5.0,
  "capacity_gw[2028]": 8.5,
  "capacity_gw[2029]": 11.0,
  "capacity_gw[2030]": 14.0,
  "global_dc_twh[2025]": 448.0,
  "global_dc_twh[2026]": 547.4,
  "global_dc_twh[2027]": 646.8,
  "global_dc_twh[2028]": 746.2,
  "global_dc_twh[2029]": 845.6,
  "global_dc_twh[2030]": 945.0,
  "global_llm_gw[2025]": 12.785388127853881,
  "global_llm_gw[2026]": 18.121689497716897,
  "global_llm_gw[2027]": 24.365753424657534,
  "global_llm_gw[2028]": 31.5175799086758,
  "global_llm_gw[2029]": 39.577168949771696,
  "global_llm_gw[2030]": 48.544520547945204,
  "global_llm_twh[2025]": 112.0,
  "global_llm_twh[2026]": 158.746,
  "global_llm_twh[2027]": 213.444,
  "global_llm_twh[2028]": 276.094,
  "global_llm_twh[2029]": 346.696,
  "global_llm_twh[2030]": 425.25,
  "llm_dc_share[2025]": 0.25,
  "llm_dc_share[2026]": 0.29000000000000004,
  "llm_dc_share[2027]": 0.33,
  "llm_dc_share[2028]": 0.37,
  "llm_dc_share[2029]": 0.41000000000000003,
  "llm_dc_share[2030]": 0.45,
  "revenue_gw[2025]": 0.034999999999999996,
  "revenue_gw[2026]": 0.559,
  "revenue_gw[2027]": 2.55,
  "revenue_gw[2028]": 5.015,
  "revenue_gw[2029]": 7.37,
  "revenue_gw[2030]": 10.5,
  "revenue_multiple[2025]": 38.888888888888886,
  "revenue_multiple[2026]": 20.5,
  "revenue_multiple[2027]": 17.375,
  "revenue_multiple[2028]": 14.25,
  "revenue_multiple[2029]": 11.125,
  "revenue_multiple[2030]": 8.0,
  "util_rate[2025]": 0.35,
  "util_rate[2026]": 0.43,
  "util_rate[2027]": 0.51,
  "util_rate[2028]": 0.59,
  "util_rate[2029]": 0.67,
  "util_rate[2030]": 0.75,
  "valuation[2025]": 350.0,
  "valuation[2026]": 902.2050000000002,
  "valuation[2027]": 1376.4127500000004,
  "valuation[2028]": 1761.0161400000006,
  "valuation[2029]": 1913.7611188800004,
  "valuation[2030]": 1753.8136952094724
}